cd,name,url
1,Mongoose,https://img.stackshare.io/service/1231/0TXzZU7W_400x400.jpg
2,JavaScript,https://img.stackshare.io/service/1209/javascript.jpeg
3,jQuery,https://img.stackshare.io/service/1021/lxEKmMnB_400x400.jpg
4,Python,https://img.stackshare.io/service/993/pUBY5pVj.png
5,Node.js,https://img.stackshare.io/service/1011/n1JRsFeB_400x400.png
6,PHP,https://img.stackshare.io/service/991/hwUcGZ41_400x400.jpg
7,React,https://img.stackshare.io/service/1020/OYIaJ1KK.png
8,nginx,https://img.stackshare.io/service/1052/YMxUfyWf.png
9,Java,https://img.stackshare.io/service/995/K85ZWV2F.png
10,HTML5,https://img.stackshare.io/service/2538/kEpgHiC9.png
11,MySQL,https://img.stackshare.io/service/1025/logo-mysql-170x170.png
12,Google Fonts,https://img.stackshare.io/service/2652/ZWREQYdH_400x400.jpg
13,MongoDB,https://img.stackshare.io/service/1030/leaf-360x360.png
14,PostgreSQL,https://img.stackshare.io/service/1028/ASOhU5xJ.png
15,Apache HTTP Server,https://img.stackshare.io/service/1051/fab.os.logo.apache.200.15011_400x400.jpg
16,Bootstrap,https://img.stackshare.io/service/1101/C9QJ7V3X.png
17,Ubuntu,https://img.stackshare.io/service/3511/cof_orange_hex.jpg
18,AngularJS,https://img.stackshare.io/service/1019/square.png
19,Redis,https://img.stackshare.io/service/1031/redis.png
20,Amazon EC2,https://img.stackshare.io/service/18/amazon-ec2.png
21,Amazon S3,https://img.stackshare.io/service/25/amazon-s3.png
22,ES6,https://img.stackshare.io/service/4109/16407404782_8b9c57eab3.jpg
23,TypeScript,https://img.stackshare.io/service/1612/bynNY5dJ.jpg
24,jQuery UI,https://img.stackshare.io/service/1022/jqueryui_avatar_96.png
25,Vue.js,https://img.stackshare.io/service/3837/paeckCWC.png
26,C#,https://img.stackshare.io/service/1015/1200px-C_Sharp_wordmark.svg.png
27,Sass,https://img.stackshare.io/service/1171/jCR2zNJV.png
28,Ruby,https://img.stackshare.io/service/989/ruby.png
29,Firebase,https://img.stackshare.io/service/116/cZLxNFZS.jpg
30,Django,https://img.stackshare.io/service/994/4aGjtNQv.png
31,Heroku,https://img.stackshare.io/service/133/3wgIDj3j.png
32,React Native,https://img.stackshare.io/service/2699/KoK6gHzp.jpg
33,Laravel,https://img.stackshare.io/service/992/AcA2LnWL_400x400.jpg
34,Android SDK,https://img.stackshare.io/service/1010/m8jf0po4imu8t5eemjdd.png
35,Redux,https://img.stackshare.io/service/4074/13142323.png
36,ExpressJS,https://img.stackshare.io/service/1163/hashtag.png
37,GraphQL,https://img.stackshare.io/service/3820/12972006.png
38,Rails,https://img.stackshare.io/service/990/x57_Lorv.png
39,CSS 3,https://img.stackshare.io/service/6727/css.png
40,ASP.NET,https://img.stackshare.io/service/6755/2c45151a4a11d3a3c8e71bb34dd069d6_400x400.png
41,DigitalOcean,https://img.stackshare.io/service/295/Onjxs6Lw_400x400.jpg
42,Spring Boot,https://img.stackshare.io/service/2927/nPzvMuo2_400x400.png
43,Microsoft Azure,https://img.stackshare.io/service/213/W9gT7hZo.png
44,AWS Lambda,https://img.stackshare.io/service/1909/aws-lambda.png
45,Go,https://img.stackshare.io/service/1005/O6AczwfV_400x400.png
46,Kafka,https://img.stackshare.io/service/1063/kazUJooF_400x400.jpg
47,RabbitMQ,https://img.stackshare.io/service/1061/rabbit.jpg
48,Flask,https://img.stackshare.io/service/1001/flask.jpg
49,Markdown,https://img.stackshare.io/service/1147/markdown.png
50,Swift,https://img.stackshare.io/service/1009/tuHsaI2U.png
51,Apache Tomcat,https://img.stackshare.io/service/1187/tomcat.png
52,Microsoft IIS,https://img.stackshare.io/service/1056/J5gFiHbG.png
53,Amazon RDS,https://img.stackshare.io/service/232/amazon-rds.png
54,Microsoft SQL Server,https://img.stackshare.io/service/1027/sql_server.png
55,SQLite,https://img.stackshare.io/service/1071/sqlite.jpg
56,Google Cloud Platform,https://img.stackshare.io/service/4240/1a61e4pu_400x400.jpg
57,MariaDB,https://img.stackshare.io/service/1615/mariadb-logo-400x400.png
58,Debian,https://img.stackshare.io/service/1656/vd4gAekh.png
59,CentOS,https://img.stackshare.io/service/3069/centos-icon.png
60,Google Compute Engine,https://img.stackshare.io/service/518/s01TMTGn.png
61,Amazon EC2 Container Service,https://img.stackshare.io/service/1908/amazon-ecs.png
62,Socket.IO,https://img.stackshare.io/service/1161/vI0ZZlhZ_400x400.png
63,C++,https://img.stackshare.io/service/1049/cplusplus.png
64,Material Design for Angular,https://img.stackshare.io/service/1523/square.png
65,Objective-C,https://img.stackshare.io/service/1008/xcode.png
66,Ionic,https://img.stackshare.io/service/876/bYMCvtHD_400x400.jpg
67,Google App Engine,https://img.stackshare.io/service/139/s01TMTGn.png
68,Scala,https://img.stackshare.io/service/1012/scala.png
69,Electron,https://img.stackshare.io/service/2946/XJRdVxx3.png
70,Animate.css,https://img.stackshare.io/service/9195/animate-css.png
71,.NET,https://img.stackshare.io/service/1014/IoPy1dce_400x400.png
72,OpenSSL,https://img.stackshare.io/service/3091/preview.png
73,Slick,https://img.stackshare.io/service/1843/slick.png
74,Backbone.js,https://img.stackshare.io/service/1017/Screen_Shot_2012-04-28_at_8.52.15_PM.png
75,Memcached,https://img.stackshare.io/service/1040/memcached-logo-200x152.png
76,Symfony,https://img.stackshare.io/service/1197/logosf_positif_03_icon.png
77,C,https://img.stackshare.io/no-img-open-source.png
78,Angular 2,https://img.stackshare.io/service/3745/cb8U-gL6_400x400.jpg
79,Handlebars.js,https://img.stackshare.io/service/1143/Handlebars.png
80,AddThis,https://img.stackshare.io/service/3421/T3VyOpzk_400x400.png
81,Kotlin,https://img.stackshare.io/service/3750/pCfEzr6L.png
82,Cassandra,https://img.stackshare.io/service/1032/cassandra_small.png
83,Spring,https://img.stackshare.io/service/996/unnamed.jpg
84,fancybox,https://img.stackshare.io/service/8986/ndGU91r2_400x400.jpg
85,Amazon DynamoDB,https://img.stackshare.io/service/389/amazon-dynamodb.png
86,Flutter,https://img.stackshare.io/service/7180/flutter-mark-square-100.png
87,Lodash,https://img.stackshare.io/service/2438/lodash.png
88,Elixir,https://img.stackshare.io/service/1974/drop.png
89,Typekit,https://img.stackshare.io/service/1913/New_Project__7_.png
90,CodeIgniter,https://img.stackshare.io/service/1195/ci_logo.png
91,Rust,https://img.stackshare.io/service/1070/v7txhrjp9pdqrkdtxxp0.png
92,CoffeeScript,https://img.stackshare.io/service/1178/slQydAMv.png
93,Apache Spark,https://img.stackshare.io/service/2220/ca72c4715da998b0bf5d1c857958bed3.png
94,Moment.js,https://img.stackshare.io/service/3643/Xrtdc94q_400x400.png
95,Meteor,https://img.stackshare.io/service/1162/uJPMDhZq.png
96,Hadoop,https://img.stackshare.io/service/1044/elephant_rgb_sq.png
97,AWS Elastic Beanstalk,https://img.stackshare.io/service/210/aws-elastic-beanstalk.png
98,Gatsby,https://ucarecdn.com/04b55b4e-0ecc-4003-a89e-98f674075b3e/
99,Less,https://img.stackshare.io/service/1170/3538330.png
100,D3.js,https://img.stackshare.io/service/1491/HgKolWB5_400x400.jpg
101,Amazon SQS,https://img.stackshare.io/service/395/amazon-sqs.png
102,Select2,https://img.stackshare.io/service/7488/select2.png
103,R Language,https://img.stackshare.io/service/1213/r-logo.png
104,Dart,https://img.stackshare.io/service/1646/Twitter-02.png
105,Apollo,https://img.stackshare.io/service/5508/CyUH653y.png
106,Underscore,https://img.stackshare.io/service/1150/underscore-js.png
107,Material-UI,https://img.stackshare.io/service/1904/_.png
108,Django REST framework,https://img.stackshare.io/service/1630/New_Project__67_.png
109,Next.js,https://img.stackshare.io/service/5936/nextjs.png
110,Foundation,https://img.stackshare.io/service/1105/ocLJW3ku_400x400.jpg
111,.NET Core,https://img.stackshare.io/service/6403/9141961.png
112,Celery,https://img.stackshare.io/service/1075/celery.png
113,OpenResty,https://img.stackshare.io/service/3118/openresty.png
114,Perl,https://img.stackshare.io/service/1048/perl.png
115,Oracle,https://img.stackshare.io/service/1026/jT-HJYJg.png
116,Prototype,https://img.stackshare.io/service/3597/o_bigger_400x400.png
117,Linux,https://img.stackshare.io/service/10483/linux.png
118,Xamarin,https://img.stackshare.io/service/211/RDXWoY7W.png
119,React Router,https://img.stackshare.io/service/3350/8261421.png
120,Clojure,https://img.stackshare.io/service/1003/Clojure_300x300.png
121,Pug,https://img.stackshare.io/service/1175/pug.png
122,Ember.js,https://img.stackshare.io/service/1018/3s1seyc0csl75btyw1vl.png
123,Amazon VPC,https://img.stackshare.io/service/388/amazon-vpc.png
124,Semantic UI,https://img.stackshare.io/service/1106/semantic-ui.png
125,Quantcast,https://img.stackshare.io/service/4374/SiHaeog__400x400.jpg
126,Amazon ElastiCache,https://img.stackshare.io/service/392/amazon-elasticache.png
127,Google Cloud Storage,https://img.stackshare.io/service/694/Cloud_Storage.png
128,Gravity Forms,https://img.stackshare.io/service/9006/w8NDcWwU_400x400.png
129,Red Hat OpenShift,https://img.stackshare.io/service/197/854d85d0c77271af224b455f81b5fc88.png
130,Amazon Redshift,https://img.stackshare.io/service/386/amazon-redshift.png
131,LiteSpeed,https://img.stackshare.io/service/2873/9lxca5AK_400x400.jpg
132,YUI Library,https://img.stackshare.io/service/3372/yui.jpg
133,Airflow,https://img.stackshare.io/service/3130/airflow.png
134,JSON,https://img.stackshare.io/service/2880/1024px-JSON_vector_logo.svg.png
135,Mustache,https://img.stackshare.io/service/1142/197655.png
136,Passenger,https://img.stackshare.io/service/1054/icon.png
137,jQuery Mobile,https://img.stackshare.io/service/1023/80508321d8ce3ba8aa264380bb7eba33_400x400.png
138,Highcharts,https://img.stackshare.io/service/1435/Vx4_Psj1.png
139,Sidekiq,https://img.stackshare.io/service/1078/4b7277462dadad85454ab427ce3f0ca7.png
140,Pandas,https://img.stackshare.io/service/2180/1284191.png
141,Hibernate,https://img.stackshare.io/service/1756/1uNl_IZX.png
142,Materialize,https://img.stackshare.io/service/2015/GN559Lfb.png
143,Hugo,https://img.stackshare.io/service/1158/hugo-icon.png
144,Groovy,https://img.stackshare.io/service/997/6d180ca6647e7f690c2615a86e7c2843.png
145,Neo4j,https://img.stackshare.io/service/1482/FbkjM42a.png
146,Plesk,https://img.stackshare.io/service/1663/x65RF1Rg_400x400.png
147,Vuetify,https://img.stackshare.io/service/6163/PzNbCwXH.jpg
148,Google BigQuery,https://img.stackshare.io/service/695/BigQuery.png
149,Haskell,https://img.stackshare.io/service/1069/oCgm29k9.png
150,iOS,https://img.stackshare.io/service/2886/ios-logo.png
151,Google Kubernetes Engine,https://img.stackshare.io/service/1587/s01TMTGn.png
152,Nuxt.js,https://img.stackshare.io/service/7304/23360933.png
153,vuex,https://img.stackshare.io/service/6705/6128107.png
154,ASP.NET Core,https://img.stackshare.io/service/11331/asp.net-core.png
155,Serverless,https://img.stackshare.io/service/5095/serverless-logo.png
156,Create React App,https://img.stackshare.io/service/5537/oi64YzXY.jpg
157,InfluxDB,https://img.stackshare.io/service/1396/fc3a45a16c93d59408e04097e8bef1e8.png
158,Apache Cordova,https://img.stackshare.io/service/1716/cordova_256.png
159,Gunicorn,https://img.stackshare.io/service/1091/gunicorn.png
160,Akka,https://img.stackshare.io/service/1773/bxLhidly.png
161,Elementor,https://img.stackshare.io/service/9785/ANnL6CuP_400x400.jpg
162,Phoenix Framework,https://img.stackshare.io/service/3262/-s9uoLIN.png
163,Chart.js,https://img.stackshare.io/service/3866/_GD1-XrU_400x400.jpg
164,Lua,https://img.stackshare.io/service/2118/128px-Lua-Logo.svg.png
165,Ant Design,https://img.stackshare.io/service/6112/12101536.png
166,NativeScript,https://img.stackshare.io/service/2605/_fBe-iYT.jpeg
167,PowerShell,https://img.stackshare.io/service/3681/powershell-logo.png
168,Ionicons,https://img.stackshare.io/service/5368/icon.png
169,Linode,https://img.stackshare.io/service/24/631d437cd8e04903f69766a85d8a5540.png
170,Prettier,https://img.stackshare.io/service/7035/icon.png
171,NumPy,https://img.stackshare.io/service/2179/preview.jpeg
172,DataTables,https://img.stackshare.io/service/5693/7730351a5c782c7e25523388bfa8e393_400x400.jpeg
173,MooTools,https://img.stackshare.io/service/5991/mootools.twitter_400x400.png
174,NestJS,https://img.stackshare.io/service/8747/4zsOyxko_400x400.jpg
175,Amazon EBS,https://img.stackshare.io/service/231/amazon-ebs.png
176,Pusher,https://img.stackshare.io/service/115/preview.png
177,PhoneGap,https://img.stackshare.io/service/777/NgaEDjHt.jpg
178,Play,https://img.stackshare.io/service/1013/HqN22PuY.png
179,Unity,https://img.stackshare.io/service/2084/CGKUrcD9_400x400.jpg
180,gRPC,https://img.stackshare.io/service/4670/Tb-g6Nu3_400x400.jpg
181,Erlang,https://img.stackshare.io/service/1004/cbdf77412da183e43d41c0c0f9a7005a.jpeg
182,RxJS,https://img.stackshare.io/service/1796/984368.png
183,Amazon RDS for PostgreSQL,https://img.stackshare.io/service/434/amazon-rds.png
184,Sequelize,https://img.stackshare.io/service/3211/3591786.png
185,Adobe XD,https://img.stackshare.io/service/5602/adobe-xd-logo.png
186,Elm,https://img.stackshare.io/service/4009/cZHhsF-c_normal.png
187,Composer,https://img.stackshare.io/service/1688/New_Project__65_.png
188,ActiveMQ,https://img.stackshare.io/service/1062/vlz__1_.png
189,React Redux,https://img.stackshare.io/service/7374/react-redux.png
190,styled-components,https://img.stackshare.io/service/6749/styled-components.png
191,Angular CLI,https://img.stackshare.io/service/5527/9kVhSQ9y_400x400.jpg
192,Sinatra,https://img.stackshare.io/service/999/logo.png
193,MongoDB Atlas,https://img.stackshare.io/service/5739/atlas-360x360.png
194,Material Design Lite,https://img.stackshare.io/service/3318/I7ZBJ4-L.png
195,GNU Bash,https://img.stackshare.io/service/1673/bash-icon.png
196,Azure Storage,https://img.stackshare.io/service/2099/azure-storage.png
197,Metabase,https://img.stackshare.io/service/3860/4unoiuHt_400x400.jpg
198,UIkIt,https://img.stackshare.io/service/1107/2247444e82685c05034fc296fc331472.png
199,Material Design,https://img.stackshare.io/service/3994/guidelines-icon-192x192.png
200,Unicorn,https://img.stackshare.io/service/1053/unicorn.png
