1,Slack,https://img.stackshare.io/service/675/RNiSRYOF_400x400.jpg
2,WordPress,https://img.stackshare.io/service/250/logo.png
3,Gmail,https://img.stackshare.io/service/3167/_K34MGL8_400x400.jpg
4,Font Awesome,https://img.stackshare.io/service/3244/1_Mr1Fy00XjPGNf1Kkp_hWtw_2x.png
5,Jira,https://img.stackshare.io/service/154/Qifq4jpS_400x400.jpg
6,Trello,https://img.stackshare.io/service/109/-CvHThPk_400x400.jpg
7,G Suite,https://img.stackshare.io/service/247/oYkAxyQM_400x400.jpg
8,Mailchimp,https://img.stackshare.io/service/47/69XlPqVT.png
9,Confluence,https://img.stackshare.io/service/769/5_z16TbH_400x400.jpg
10,Google AdSense,https://img.stackshare.io/service/5137/xvWejEyc_400x400.jpg
11,Skype,https://img.stackshare.io/service/340/skype.png
12,Drupal,https://img.stackshare.io/service/1226/H9IAAYru_400x400.jpg
13,InVision,https://img.stackshare.io/service/165/r9uL4jWU.png
14,Asana,https://img.stackshare.io/service/108/asana.png
15,HubSpot,https://img.stackshare.io/service/256/9Q0oQwl2_400x400.jpg
16,Zendesk,https://img.stackshare.io/service/70/ObVtJEgP_400x400.png
17,Intercom,https://img.stackshare.io/service/257/qmwr6vjg_400x400.png
18,Salesforce Sales Cloud,https://img.stackshare.io/service/35/lGZFUPOW.png
19,AdRoll,https://img.stackshare.io/service/149/f75dfcf3cf533e77fa92148d9183397c.png
20,Acquia,https://img.stackshare.io/service/8246/uXDAUlXc_400x400.jpg
21,HipChat,https://img.stackshare.io/service/144/R2NV13gL.png
22,Sketch,https://img.stackshare.io/service/4561/c07jH7QS.jpg
23,Adobe Photoshop,https://img.stackshare.io/service/3176/lxVcZyci.jpg
24,Zoho Mail,https://img.stackshare.io/service/3616/FRau1Ij3_400x400.png
25,Marketo,https://img.stackshare.io/service/56/4uY7BObm.jpeg
26,Zoom,https://img.stackshare.io/service/6083/uGzVfgaE.png
27,Zapier,https://img.stackshare.io/service/286/0bd8e9aaccec949490082ad22c7ee60f.png
28,Joomla!,https://img.stackshare.io/service/1227/SYUsgebu_400x400.jpg
29,Microsoft Teams,https://img.stackshare.io/service/5989/teams.png
30,Figma,https://img.stackshare.io/service/7007/MFYQOphW_400x400.jpg
31,Balsamiq,https://img.stackshare.io/service/141/LJf-7p3B.png
32,Adobe Illustrator,https://img.stackshare.io/service/3175/adobe-illustrator.png
33,Discord,https://img.stackshare.io/service/4418/gT8yKJa7.jpg
34,Medium,https://img.stackshare.io/service/1225/57136-4b1a5b74c7fc047afba480ca3d0bdb80-medium_jpg.jpg
35,Pivotal Tracker,https://img.stackshare.io/service/1/422314579c5a2b89852d2ba6432d7716.png
36,Zeplin,https://img.stackshare.io/service/3457/SNbLveBx.jpg
37,Google Sheets,https://img.stackshare.io/service/1100/google-sheets.jpg
38,Basecamp,https://img.stackshare.io/service/110/X-gfZudw_400x400.jpg
39,notion.so,https://img.stackshare.io/service/6758/cbCR7w5R_400x400.jpg
40,Contentful,https://img.stackshare.io/service/672/Contentful_white_logo.png
41,tawk.to,https://img.stackshare.io/service/3949/thi6k5bh_400x400.jpg
42,Microsoft Office 365,https://img.stackshare.io/service/4167/KkVyIqPN_400x400.jpg
43,Redmine,https://img.stackshare.io/service/1186/redmine-logo-twitter_400x400.png
44,Adobe Experience Manager,https://img.stackshare.io/service/4343/8ei_UuLc_200x200.png
45,Airtable,https://img.stackshare.io/service/1512/logo.png
46,LiveChat,https://img.stackshare.io/service/119/yGTwda9h_400x400.jpg
47,Ghost,https://img.stackshare.io/service/1228/XRKixLnT_400x400.png
48,Mattermost,https://img.stackshare.io/service/3254/xiE1dr2s_400x400.jpg
49,RocketChat,https://img.stackshare.io/service/3124/14EIApTi_400x400.jpg
50,Buffer,https://img.stackshare.io/service/825/hnc3q-7x.jpg
51,Telegram,https://img.stackshare.io/service/3940/m6BFtJQW_400x400.png
52,Olark,https://img.stackshare.io/service/117/twitter-pic-olark.png
53,Zopim,https://img.stackshare.io/service/120/def00f4817221e65844412e1971e44fc.png
54,Jitsi,https://img.stackshare.io/service/9412/F0VxeYZj_400x400.png
55,FreshDesk,https://img.stackshare.io/service/72/d0xmceuw_400x400.jpg
56,Google Meet,https://img.stackshare.io/service/8683/246x0w.jpg
57,Blogger,https://img.stackshare.io/service/251/blogger_hires.jpg
58,Unbounce,https://img.stackshare.io/service/78/GEI0oMKZ.png
59,UserVoice,https://img.stackshare.io/service/122/twitter_avatar_UserVoice.png
60,Wix,https://img.stackshare.io/service/4656/tvOXJHAG_400x400.png
61,Netlify CMS,https://img.stackshare.io/service/7613/YIgPht1s_400x400.jpg
62,Gitter,https://img.stackshare.io/service/715/1uZZ-5YI.png
63,XenForo,https://img.stackshare.io/service/6119/xf_400x400.png
64,IFTTT,https://img.stackshare.io/service/1085/TIT71OZq.png
65,LastPass,https://img.stackshare.io/service/1286/Zhbxv1nv_400x400.png
66,Tumblr,https://img.stackshare.io/service/252/d5mgh_8L.png
67,Zulip,https://img.stackshare.io/service/3449/672c2cf6c1404b1e17459153e726dca4.png
68,Hubot,https://img.stackshare.io/service/1519/hubot.png
69,ZenHub,https://img.stackshare.io/service/1589/6d14af3a-bbab-11e5-9206-d68fba762c54.png
70,Help Scout,https://img.stackshare.io/service/267/bccc66f7e2cdbbb15da06d5f12c5b082.png
71,Superset,https://img.stackshare.io/service/4908/superset2.png
72,Okta,https://img.stackshare.io/service/1285/ieibivdE.jpeg
73,1Password,https://img.stackshare.io/service/7122/jPhaQEQv_400x400.jpg
74,ExpressionEngine,https://img.stackshare.io/service/5141/0dRRApei_400x400.jpg
75,OpenCart,https://img.stackshare.io/service/5990/Z2X4a21N_400x400.jpeg
76,Firefox,https://img.stackshare.io/service/8705/768px-Firefox_Logo__2017.svg.png
77,Customer.io,https://img.stackshare.io/service/255/preview.jpeg
78,LogRocket,https://img.stackshare.io/service/6063/logo_bg.png
79,Pipedrive,https://img.stackshare.io/service/2733/7NdrIqpR_400x400.jpg
80,FullStory,https://img.stackshare.io/service/3365/gyA5IJZO_400x400.jpg
81,WebRTC,https://img.stackshare.io/service/2262/xDgK1jYK_400x400.jpg
82,Typeform,https://img.stackshare.io/service/2757/HQwTKlIn_400x400.png
83,ClickUp,https://img.stackshare.io/service/9192/dSV8FSuF_400x400.png
84,Marvel,https://img.stackshare.io/service/660/MK1nK9oz.png
85,Freshchat,https://img.stackshare.io/service/9539/nSSKgPzx_400x400.jpg
86,waffle.io,https://img.stackshare.io/service/780/dVIEyFe8.png
87,Google Ads,https://img.stackshare.io/service/2408/UimQskO__400x400.jpg
88,Webex,https://img.stackshare.io/service/162/VKrmoYeC_400x400.jpg
89,DocuSign,https://img.stackshare.io/service/160/hIR6V9z0_400x400.jpg
90,Zoho CRM,https://img.stackshare.io/service/32/-VpX0bb7_400x400.jpg
91,monday.com,https://img.stackshare.io/service/9761/monday_logo_icon.png
92,Facebook Ads,https://img.stackshare.io/service/5144/X4G0h2LY_400x400.png
93,Campaign Monitor,https://img.stackshare.io/service/48/GYLX84mG_400x400.jpg
94,Clubhouse,https://img.stackshare.io/service/3393/cloubhouse-icon.png
95,drawio,https://img.stackshare.io/service/2450/Hh-vWsQ0_400x400.jpg
96,Evernote,https://img.stackshare.io/service/1664/Msdwofz8_400x400.jpg
97,Xero,https://img.stackshare.io/service/1610/_LiT6IcT.png
98,OctoberCMS,https://img.stackshare.io/service/2395/orange-fg-white-bg.png
99,Toggl,https://img.stackshare.io/service/1604/017e79a95ca24d46f1794e9b2d6209ed_400x400.png
100,Azure Active Directory,https://img.stackshare.io/service/6346/azure-active-directory.png
101,Craft,https://img.stackshare.io/service/1235/PhuPlrl7_400x400.jpg
102,Lighthouse,https://img.stackshare.io/service/183/lighthouse_fluid_icon.png
103,Google Docs,https://img.stackshare.io/service/4575/google-docs.png
104,prismic.io,https://img.stackshare.io/service/673/preview.png
105,appear.in,https://img.stackshare.io/service/2300/Y3UHc1cn.png
106,Aha!,https://img.stackshare.io/service/802/ed282c37de4d79f873c7e9b6ea7da342.png
107,Adobe Lightroom,https://img.stackshare.io/service/7010/images.jpeg
108,Flowdock,https://img.stackshare.io/service/547/-vh2vDWG_400x400.jpg
109,Qualaroo,https://img.stackshare.io/service/155/24nfg6mk8tlrywrfyg26.png
110,ActiveCampaign,https://img.stackshare.io/service/371/qZNppe_4_400x400.png
111,Harvest,https://img.stackshare.io/service/234/053rrzypvrxxrrtwfl3t.png
112,Drift,https://img.stackshare.io/service/5214/FQQPh3uG.png
113,Jira Service Desk,https://img.stackshare.io/service/1860/oIyuo8uz_400x400.png
114,Builder,https://img.stackshare.io/service/11244/builder.png
115,Calendly,https://img.stackshare.io/service/1310/UljSkwcI.png
116,React Sketch.app,https://img.stackshare.io/service/6842/Screen_20Shot_202017-04-27_20at_205.58.06_20PM.png
117,concrete5,https://img.stackshare.io/service/3907/9008b57334082bb616b345d910c95589_400x400.png
118,Mautic,https://img.stackshare.io/service/3849/Cv9FgWXU_400x400.jpg
119,Litmus,https://img.stackshare.io/service/57/FlNaz6PN.jpeg
120,OneLogin,https://img.stackshare.io/service/1287/JXM14npm.png
121,Todoist,https://img.stackshare.io/service/1969/iJBA1-9j_400x400.jpg
122,SilverStripe,https://img.stackshare.io/service/3618/Cwz8nqxA_400x400.jpg
123,Abstract,https://img.stackshare.io/service/7300/WIrU3jiP_400x400.jpg
124,MediaWiki,https://img.stackshare.io/service/2561/200px-Mediawiki_logo_reworked_2.svg_400x400.png
125,ProductBoard,https://img.stackshare.io/service/3969/iSj8wV3F.png
126,UXPin,https://img.stackshare.io/service/548/preview.png
127,Targetprocess,https://img.stackshare.io/service/533/DNCqk-h_.png
128,Pipefy,https://img.stackshare.io/service/3455/icon-logo.png
129,Hangouts,https://img.stackshare.io/service/5828/Hangouts_Icon.png
130,Passbolt,https://img.stackshare.io/service/4992/fxjngQyJ.jpg
131,Quip,https://img.stackshare.io/service/1254/quip.jpg
132,Google Hangouts Chat,https://img.stackshare.io/service/8558/mRHomqt.png
133,Affinity Designer,https://img.stackshare.io/service/4181/9DYUTxY7_400x400.jpg
134,Salesforce Marketing Cloud,https://img.stackshare.io/service/8520/mVUDo78h_400x400.jpg
135,Skype for Business,https://img.stackshare.io/service/5437/m-mJKvsM_400x400.jpg
136,KeystoneJS,https://img.stackshare.io/service/1230/d5575455853a3eb2ec1dafb5522ffc9a.png
137,Brave,https://img.stackshare.io/service/7577/rO7aIdyp_400x400.jpg
138,NetSuite,https://img.stackshare.io/service/248/Xmp1cwhV_400x400.jpg
139,Join.me,https://img.stackshare.io/service/161/we6o-6_N.png
140,Expensify,https://img.stackshare.io/service/284/343b01ca04f1539d018d83fb1dae0150.png
141,Mailtrap,https://img.stackshare.io/service/506/VWjhZN6Z_400x400.png
142,Bugzilla,https://img.stackshare.io/service/1362/osfnPuRC.png
143,HelloSign,https://img.stackshare.io/service/1345/R5PcIJdS.png
144,Crisp,https://img.stackshare.io/service/5224/r5Kd_ifq.png
145,Tweetdeck,https://img.stackshare.io/service/8855/_65QFl7B_400x400.png
146,Desk.com,https://img.stackshare.io/service/71/l15HgTES.png
147,Podio,https://img.stackshare.io/service/184/MMKYSo74.png
148,Codetree,https://img.stackshare.io/service/2464/p5YGhrfi.png
149,Umbraco,https://img.stackshare.io/service/2005/hIGLHjkE_400x400.png
150,QuickBooks,https://img.stackshare.io/service/3140/quickbooks-logo.png
151,Screenhero,https://img.stackshare.io/service/867/pUOTenr6.png
152,Yammer,https://img.stackshare.io/service/246/NWoiK8Kp.jpeg
153,Avocode,https://img.stackshare.io/service/2157/preview.png
154,Sanity,https://img.stackshare.io/service/7890/nLVTfSj2_400x400.jpg
155,Hootsuite,https://img.stackshare.io/service/3391/cGUD9kwQ_400x400.png
156,Amazon WorkSpaces,https://img.stackshare.io/service/416/16ffae8c667bdbc6a4969f6f02090652.png
157,Forestry,https://img.stackshare.io/service/7955/h8AfYODA_400x400.jpg
158,Google Hangouts,https://ucarecdn.com/4e2a74dc-9dfc-407c-aecf-c80656b7dbd9/
159,iDoneThis,https://img.stackshare.io/service/338/2eee7fc35276d17fce76d9bbc9263981.png
160,HTML to Wordpress,https://img.stackshare.io/service/4081/Tla1Uq2w.png
161,TeamViewer,https://img.stackshare.io/service/3174/ML2OvUjZ_400x400.png
162,Glide,https://img.stackshare.io/service/10365/j5RptoTm_400x400.jpg
163,Axure,https://img.stackshare.io/service/3351/IzpAFFGV_400x400.jpg
164,Quora,https://img.stackshare.io/service/5379/nBalwThK_400x400.png
165,HackPad,https://img.stackshare.io/service/289/oo1SaTNQ.png
166,Affinity Photo,https://img.stackshare.io/service/5415/9DYUTxY7_400x400.jpg
167,Twitter Ads,https://img.stackshare.io/service/5145/gaj36XL5_400x400.jpg
168,Zoho,https://img.stackshare.io/service/5654/B4cJBv28_400x400.jpg
169,Keybase Teams,https://img.stackshare.io/service/7630/LgqWvzCQ_400x400.jpg
170,Gusto,https://img.stackshare.io/service/235/ponSaulf.png
171,Cockpit,https://img.stackshare.io/service/979/e5b082839e7ec5541016a9813bbeb4b8.png
172,ProcessWire,https://img.stackshare.io/service/3504/tgOfWtM1.png
173,Aircall,https://img.stackshare.io/service/3332/logo-slack.png
174,Service-Now,https://img.stackshare.io/service/3769/hf0MaWmi_400x400.jpg
175,Dashlane,https://img.stackshare.io/service/1284/view_2x.png
176,Pendo,https://img.stackshare.io/service/4378/RwIcCGrB_400x400.png
177,Haiku,https://img.stackshare.io/service/8476/btWKs0xk_400x400.jpg
178,Amazon Connect,https://img.stackshare.io/service/6732/amazon-connect.png
179,Front,https://img.stackshare.io/service/1376/giGwJ9Wq_400x400.png
180,Doodle,https://img.stackshare.io/service/940/GcZQQBaj.png
181,Inkscape,https://img.stackshare.io/service/4120/chDAoUGH_400x400.jpg
182,Statamic,https://img.stackshare.io/service/3022/c6381bac52d507597b83306326b20e21.png
183,Streak,https://img.stackshare.io/service/31/logo.png
184,Wrike,https://img.stackshare.io/service/1724/xvVVUP8E_400x400.png
185,Proto.io,https://img.stackshare.io/service/505/WvPwQzE1_400x400.jpg
186,Craft CMS,https://img.stackshare.io/service/4862/ds8IotBg_400x400.jpg
187,Typo3,https://img.stackshare.io/service/2942/tisWILkq_400x400.png
188,Groove,https://img.stackshare.io/service/74/4vehL4fy_400x400.jpg
189,Wekan,https://img.stackshare.io/service/4427/-NNP9RC0.png
190,Twill,https://img.stackshare.io/service/9249/01_twill_facebook_profile.png
191,AEM,https://img.stackshare.io/service/6365/6u8P7Pr6_400x400.png
192,Flow,https://img.stackshare.io/service/185/no-img-open-source.png
193,GitKraken Glo,https://img.stackshare.io/service/9212/LRrR48qp_400x400.jpg
194,ProtoPie,https://img.stackshare.io/service/10251/bS8jfuhu_400x400.jpg
195,AutopilotHQ,https://img.stackshare.io/service/3162/B4omzVTi.jpeg
196,SugarCRM,https://img.stackshare.io/service/33/aqcFdWXX.jpeg
197,Sprint.ly,https://img.stackshare.io/service/3/ef30ac2478cb8b25b43f2bb554159e07.png
198,VMware Horizon Suite,https://img.stackshare.io/service/417/xxr1e-Lu_400x400.jpg
199,SwiftLint,https://img.stackshare.io/service/8243/XzDXMlHD_400x400.jpg
200,SendinBlue,https://img.stackshare.io/service/5639/bKUohNb7_400x400.png
