,,0
1,Postman,https://img.stackshare.io/service/1336/xWMRvm_5_400x400.png
2,Stack Overflow,https://img.stackshare.io/service/1927/so-icon.png
3,Google Maps,https://img.stackshare.io/service/1652/googlemaps.png
4,Elasticsearch,https://img.stackshare.io/service/841/Image_2019-05-20_at_4.58.04_PM.png
5,GitHub Pages,https://img.stackshare.io/service/683/sBsvBbjY.png
6,Amazon Route 53,https://img.stackshare.io/service/38/amazon-route-53.png
7,Shopify,https://img.stackshare.io/service/266/xDoyHgZW_400x400.png
8,WooCommerce,https://img.stackshare.io/service/3139/y2hg0gx5_400x400.jpg
9,TensorFlow,https://img.stackshare.io/service/4717/FtFnqC38_400x400.png
10,Magento,https://img.stackshare.io/service/1769/wcU6vWxh_400x400.jpg
11,Disqus,https://img.stackshare.io/service/29/af69f7089ebfabe3bb33129bf9d4d325.png
12,Namecheap,https://img.stackshare.io/service/40/sSwMqqsH.png
13,Netlify,https://img.stackshare.io/service/2748/lV55uZMx.png
14,Google Cloud DNS,https://img.stackshare.io/service/696/s01TMTGn.png
15,DNS Made Easy,https://img.stackshare.io/service/1685/preview.png
16,Let's Encrypt,https://img.stackshare.io/service/4225/lSuJvwXU_400x400.jpg
17,Jekyll,https://img.stackshare.io/service/1114/ad968c1615d956e800fa36494314f48c.jpeg
18,Squarespace,https://img.stackshare.io/service/178/huJH2lyt_400x400.jpg
19,Swagger UI,https://img.stackshare.io/service/3417/pIea9Ji0.png
20,Auth0,https://img.stackshare.io/service/601/5Nm3jtVh.jpeg
21,Algolia,https://img.stackshare.io/service/589/iEEMVN5L_400x400.jpg
22,Dyn,https://img.stackshare.io/service/37/fsKWm_AI_400x400.jpg
23,Leaflet,https://img.stackshare.io/service/2392/leaflet_upic.png
24,Amazon API Gateway,https://img.stackshare.io/service/3299/aws-api-gateway.png
25,AWS IAM,https://img.stackshare.io/service/418/aws-iam.png
26,Jupyter,https://img.stackshare.io/service/4190/fGBUdNf__400x400.jpg
27,Arduino,https://img.stackshare.io/service/3195/9d19310763171b0d958d23a18b3d7e1c.png
28,Keras,https://img.stackshare.io/service/5601/keras.png
29,scikit-learn,https://img.stackshare.io/service/2657/scikit-learn-logo.png
30,PyTorch,https://img.stackshare.io/service/8171/YYpjkbVn_400x400.jpg
31,Solr,https://img.stackshare.io/service/1596/al3IkKF8.png
32,Mapbox,https://img.stackshare.io/service/1640/cvosutVr_400x400.jpg
33,Amazon Kinesis,https://img.stackshare.io/service/433/16ffae8c667bdbc6a4969f6f02090652.png
34,GoDaddy,https://img.stackshare.io/service/42/eH9oma1K.png
35,Amazon Cognito,https://img.stackshare.io/service/1093/16ffae8c667bdbc6a4969f6f02090652.png
36,Insomnia REST Client,https://img.stackshare.io/service/6406/qLPJL1NZ.jpg
37,Devise,https://img.stackshare.io/service/1432/devise.png
38,Weebly,https://img.stackshare.io/service/176/ajoQm8C7_400x400.png
39,PrestaShop,https://img.stackshare.io/service/925/C6U2rHtG_400x400.jpg
40,Keycloak,https://img.stackshare.io/service/5439/oAC05cEB_400x400.png
41,Amazon Elasticsearch Service,https://img.stackshare.io/service/3736/amazon-elasticsearch-service.png
42,Vercel,https://img.stackshare.io/service/7618/bHjpwZem_400x400.png
43,Webflow,https://img.stackshare.io/service/587/truotQk9.png
44,VuePress,https://img.stackshare.io/service/8863/paeckCWC.png
45,Apiary,https://img.stackshare.io/service/272/7b176017eab2903a23d914460b6dd600.jpeg
46,Inspectlet,https://img.stackshare.io/service/2439/kfind.png
47,Raspberry Pi,https://img.stackshare.io/service/5174/LcSgue9p_400x400.png
48,OpenStreetMap,https://img.stackshare.io/service/2068/OSM_fixed_512.png
49,Paw,https://img.stackshare.io/service/2032/YApveawR.png
50,Lottie,https://img.stackshare.io/service/6445/lottie.png
51,Framer,https://img.stackshare.io/service/826/BlCZdW9q.png
52,Passport,https://ucarecdn.com/8f3cac0e-b146-4f0f-878c-680a6671d804/
53,Sphinx,https://img.stackshare.io/service/1598/TtqoAo1V.png
54,OpenLayers,https://img.stackshare.io/service/3208/397ce8027eb036960f00dd5153d41993.png
55,Apache JMeter,https://img.stackshare.io/service/5839/8mAJQD05_400x400.jpg
56,Stream,https://img.stackshare.io/service/2213/mBSAJI_h_400x400.jpg
57,Azure Machine Learning,https://img.stackshare.io/service/1221/azure-machine-learning.png
58,OmniAuth,https://img.stackshare.io/service/1433/omniauth.png
59,Apache Zeppelin,https://img.stackshare.io/service/3659/NukVX4E1_400x400.png
60,Gatling,https://img.stackshare.io/service/3265/CR5gILun_400x400.png
61,Kubeflow,https://img.stackshare.io/service/8052/EE9PAsVm_400x400.jpg
62,TensorFlow.js,https://img.stackshare.io/service/8762/q8sc1KuZ_400x400.jpg
63,AWS Data Pipeline,https://img.stackshare.io/service/422/aws-data-pipeline.png
64,Runscope,https://img.stackshare.io/service/278/zlcbgqTt.png
65,Amazon SageMaker,https://img.stackshare.io/service/7967/amazon-sagemaker.jpg
66,AWS Step Functions,https://img.stackshare.io/service/6089/SWF-e64610d24b6e458c257f1105d8aa926f4a524182.png
67,AWS Key Management Service,https://img.stackshare.io/service/1907/aws-kms-logo.png
68,Lucene,https://img.stackshare.io/service/1597/lucene.png
69,DNSimple,https://img.stackshare.io/service/36/HQM41T6C_400x400.png
70,ReadMe.io,https://img.stackshare.io/service/1570/B_fNbAwR.png
71,Swiftype,https://img.stackshare.io/service/227/Yn4nI9Oy.png
72,Authy,https://img.stackshare.io/service/364/J64iXv8S.png
73,MLflow,https://img.stackshare.io/service/9078/mlflow.png
74,Gitbook,https://img.stackshare.io/service/2484/2r9Bf4lE_400x400.jpg
75,SpaCy,https://img.stackshare.io/service/7312/7-7zis8f_400x400.png
76,RAML,https://img.stackshare.io/service/4083/JSGv7dnx.png
77,CUDA,https://img.stackshare.io/service/2836/LUOWehvo_400x400.jpeg
78,Scrapy,https://img.stackshare.io/service/3116/LJ_Gsz28_400x400.png
79,Amazon Glacier,https://img.stackshare.io/service/387/amazon-glacier.png
80,Alfred,https://img.stackshare.io/service/2786/9fb69dcff86624e62ecaaa58c363e15b_400x400.jpg
81,Surge,https://img.stackshare.io/service/3646/W-ShR64-.png
82,Amazon CloudSearch,https://img.stackshare.io/service/393/amazon-cloudsearch.png
83,Soap UI,https://img.stackshare.io/service/3891/-AvocOY1_400x400.jpg
84,Docusaurus,https://img.stackshare.io/service/8438/xyht_7gq_400x400.jpg
85,Azure Search,https://img.stackshare.io/service/1370/azure-search.png
86,JSON Server,https://img.stackshare.io/no-img-open-source.png
87,Read the Docs,https://img.stackshare.io/service/384/OhsWgbsr.png
88,H2O,https://img.stackshare.io/service/5001/DTgFCs-n_400x400.png
89,jsdoc,https://img.stackshare.io/service/4047/js-doc.png
90,Clearbit,https://img.stackshare.io/service/3227/boQMtD4j_400x400.jpg
91,Charles,https://img.stackshare.io/service/2493/charles_icon.png
92,Sqreen,https://img.stackshare.io/service/7904/uUQKRitV_400x400.jpg
93,Amazon IoT,https://img.stackshare.io/service/3918/reinvent-2015-recap_iot.png
94,rasa NLU,https://img.stackshare.io/service/6138/icon-200x200.png
95,HackerOne,https://img.stackshare.io/service/1366/be11fd7771e11a0a2e5f26ffb4e9b0d7.png
96,Loader.io,https://img.stackshare.io/service/216/4-rbfATJ.png
97,Firebase Hosting,https://img.stackshare.io/service/6688/m3cEA33V_400x400.jpg
98,Vue Storefront,https://img.stackshare.io/service/9528/FB_Profile.png
99,Saleor,https://img.stackshare.io/service/9843/m9Hu1f9G_400x400.jpg
100,PredictionIO,https://img.stackshare.io/service/961/3db97f269b32b0fe3da53abc99f8d91e.png
101,NLTK,https://img.stackshare.io/no-img-open-source.png
102,Stormpath,https://img.stackshare.io/service/268/t1WzGozA.png
103,API Blueprint,https://img.stackshare.io/service/5627/Q84Qf_4w.png
104,Material,https://img.stackshare.io/service/4459/material.png
105,Apache Solr,https://img.stackshare.io/service/4483/apache-solr.png
106,Shields.io,https://img.stackshare.io/service/960/l_GA8FC8.jpeg
107,Spree,https://img.stackshare.io/service/1098/6G46CP-7.png
108,Embedly,https://img.stackshare.io/service/229/1d289aab136f2d111387a399f3a91b6a.png
109,OpenLDAP,https://img.stackshare.io/service/5225/zPH8xLZQ_400x400.jpg
110,Dropbox Paper,https://img.stackshare.io/service/4146/PQ23AUmr_400x400.jpg
111,Alamofire,https://img.stackshare.io/service/5182/XEfzbPga_400x400.png
112,BlazeMeter,https://img.stackshare.io/service/498/WYl4LlbI.png
113,1&1,https://img.stackshare.io/service/41/cca9febe94dd9eccbf4edd7677f79f9c.png
114,Apigility,https://img.stackshare.io/service/2627/eed79f8989d03cd3ce30757f91926287.png
115,Caffe2,https://img.stackshare.io/service/6821/13072719.png
116,Transifex,https://img.stackshare.io/service/532/15f89f25dd063cb989e3655529ffa321.png
117,Fiddler,https://img.stackshare.io/service/5319/JMsyvkiF_400x400.jpg
118,Google Cloud Endpoints,https://img.stackshare.io/service/1647/google-cloud-endpoints.png
119,Smartsheet,https://img.stackshare.io/service/5067/4_8B8Dg3_400x400.jpg
120,Prerender,https://img.stackshare.io/service/2533/G8eeH0Ar.png
121,ArcGIS,https://img.stackshare.io/service/4379/mjImnOJe_400x400.jpg
122,Mashape,https://ucarecdn.com/274d1d51-138b-432b-b50b-d61bef011d83/
123,Hyper Terminal,https://img.stackshare.io/service/6489/hyper-logo.png
124,import.io,https://img.stackshare.io/service/966/xuc8kDu_.png
125,Crowdin,https://img.stackshare.io/service/692/Ug8TZcdB_400x400.png
126,Amazon Elastic Inference,https://img.stackshare.io/service/10045/FrshWMKt_400x400.jpg
127,Origami,https://img.stackshare.io/service/873/M0yxswTJ.png
128,OAuth.io,https://img.stackshare.io/service/1298/d190fab5c1e28e4a01d9c18604e9f7e0.png
129,Google Cloud Natural Language API,https://img.stackshare.io/service/5515/sf2x8byZ.png
130,MkDocs,https://img.stackshare.io/service/3415/h4nqPazl_400x400.png
131,React-Static,https://img.stackshare.io/service/7731/517937d8-2946-4365-9383-58be0dd1c2f7.png
132,Falcor,https://img.stackshare.io/service/3461/mHp7LcQN.png
133,Tyk Cloud,https://img.stackshare.io/service/2961/preview.png
134,Shopware,https://img.stackshare.io/service/6322/B2Nv76RQ_400x400.png
135,UserTesting,https://img.stackshare.io/service/1132/U_Logo_BrandBlue.png
136,Amazon Comprehend,https://img.stackshare.io/service/7990/amazon-comprehend.png
137,OpenFace,https://img.stackshare.io/no-img-open-source.png
138,Ludwig,https://img.stackshare.io/service/10368/ludwig.png
139,Algorithms.io,https://img.stackshare.io/service/309/81af555beec9700f7f10ae97fc9efff2.png
140,3scale,https://img.stackshare.io/service/1251/20mNxTmx.png
141,Octopress,https://img.stackshare.io/service/1115/octopress-avatar.png
142,OkHttp,https://img.stackshare.io/no-img-open-source.png
143,OpenSSH,https://img.stackshare.io/service/3092/preview.png
144,FullContact,https://img.stackshare.io/service/1291/fc2019-logo-mark_2x.png
145,API Umbrella,https://img.stackshare.io/no-img-open-source.png
146,Phrase,https://img.stackshare.io/service/511/PHRASE_LOGO_SM_400X400.png
147,CARTO,https://img.stackshare.io/service/2164/carto-logo.png
148,Pipelines,https://img.stackshare.io/service/9841/no-img.png
149,Aerosolve,https://img.stackshare.io/service/3131/aerosolve2.png
150,Amazon SWF,https://img.stackshare.io/service/394/16ffae8c667bdbc6a4969f6f02090652.png
151,Castle,https://img.stackshare.io/service/4394/gFD3SSJB.png
152,Wufoo,https://img.stackshare.io/service/93/_CNk3Tbx.png
153,sso,https://img.stackshare.io/service/9493/sso.png
154,Deployd,https://img.stackshare.io/service/2521/logo-no-text.png
155,ProgrammableWeb,https://img.stackshare.io/service/513/7Y4K_YPl.png
156,BeautifulSoup,https://img.stackshare.io/service/4037/no-img-open-source.png
157,OneNote,https://img.stackshare.io/service/7626/ikCJDPLz_400x400.png
158,Theano,https://img.stackshare.io/service/6241/theano.png
159,AWS IoT Device Management,https://img.stackshare.io/service/7996/aws-iot_20copy.png
160,Gluon,https://img.stackshare.io/service/7729/gluon-api.png
161,Gelato.io,https://img.stackshare.io/service/3258/4sYR50d5.png
162,MXNet,https://img.stackshare.io/service/8352/kxyKWxfA_400x400.jpg
163,11ty,https://img.stackshare.io/service/9640/8ZfcJCXi_400x400.jpg
164,Caffe,https://img.stackshare.io/service/5557/New_Project__83_.png
165,Fiber,https://img.stackshare.io/service/7400/ZnsBwsIu_400x400.jpg
166,AWS Shield,https://img.stackshare.io/service/6087/16ffae8c667bdbc6a4969f6f02090652.png
167,Restlet Studio,https://img.stackshare.io/service/2506/2mSsFFsG.png
168,Apifier,https://img.stackshare.io/service/3973/PYBKS1GX.jpg
169,Portia,https://img.stackshare.io/service/4465/M510KmGH.png
170,Tilda,https://img.stackshare.io/service/8122/FOiPb6qs_400x400.png
171,AWS Direct Connect,https://img.stackshare.io/service/425/aws-direct-connect.png
172,Bing Maps API,https://img.stackshare.io/service/1102/Sgv8z7DN.png
173,Bugcrowd,https://img.stackshare.io/service/746/2b0f47cc51770f0a0c83f78cb79689ad.png
174,Google Keep,https://img.stackshare.io/service/5598/New_Project__4_.jpg
175,iwantmyname,https://img.stackshare.io/service/39/4c4e092f93988573baef04a18f7d1e2a.png
176,Google Forms,https://img.stackshare.io/service/2879/Google_Forms_Logo.jpg
177,000webhost,https://img.stackshare.io/service/5267/k1SrAvnA_400x400.jpg
178,LiveFyre,https://img.stackshare.io/service/30/nmo0BfUa.png
179,NanoNets,https://img.stackshare.io/service/6713/logo_blue3_copy_2.png
180,Supernova,https://img.stackshare.io/service/7595/KgrG0TVq_400x400.jpg
181,MAPS.ME,https://img.stackshare.io/service/3734/Q75eOFNM.jpg
182,Bonsai,https://ucarecdn.com/6fe49314-ff9d-4ebd-913d-ff1bb3c70304/
183,Detectify,https://img.stackshare.io/service/4059/looVYp5o_400x400.png
184,EasyPost,https://img.stackshare.io/service/280/07bef5ea57ce92dd3e19f47304c14e27.png
185,WalkMe,https://img.stackshare.io/service/169/em4ejlmbqukcn0mdm4sc.png
186,Divshot,https://img.stackshare.io/service/684/cHBIc-SE.png
187,Flinto,https://img.stackshare.io/service/1931/LnYdLVHE_400x400.jpg
188,Microsoft Cognitive Services,https://img.stackshare.io/service/7151/mscognitive.png
189,AWS Greengrass,https://img.stackshare.io/service/7092/Screen-Shot-2017-06-16-at-3.12.18-PM.png
190,Docsify,https://img.stackshare.io/service/7055/docsify.png
191,Cronofy,https://img.stackshare.io/service/2295/7dFmNVCA.jpeg
192,Mirage,https://img.stackshare.io/service/5824/mirage.png
193,AWS Storage Gateway,https://img.stackshare.io/service/413/aws-storage-gateway.png
194,NS1,https://img.stackshare.io/service/3454/JNM4JQf.png
195,Dejavu,https://img.stackshare.io/service/4686/icon.png
196,Formstack,https://img.stackshare.io/service/94/5LccSImE_400x400.png
197,osquery,https://img.stackshare.io/service/6949/68747470733a2f2f6f7371756572792e696f2f6173736574732f6c6f676f2d6461726b2e706e67.png
198,Asciinema,https://img.stackshare.io/service/1135/5Pz7-WC6.png
199,Kur,https://img.stackshare.io/service/6566/XoM66m5U.png
200,PowerDNS,https://img.stackshare.io/service/1704/mt4rn9iC_400x400.jpg
